,Artikel,Zeichenzahl
0,,3692
1,"<h1 data-css-4hgwmf="""">Welcome to Switzerland, Mr Soros!</h1>",18049
2,"<h1 data-css-4hgwmf="""">Die Schweizer Politik im Parteientumbler</h1>",12688
3,"<h1 data-css-4hgwmf="""">Raketenhafte Revolte</h1>",15109
4,"<h1 data-css-1e0ndtv="""">Die Büffel vom Stadtrand</h1>",3574
5,,8088
6,"<h1 data-css-4hgwmf="""">Identität gegen Individuum</h1>",7010
7,"<h1 data-css-4hgwmf="""">Almanya, ich komm aus dir</h1>",13382
8,"<h1 data-css-4hgwmf="""">Riga, Lettland</h1>",1514
9,,3402
10,"<h1 data-css-4hgwmf="""">Der Friedensgeier</h1>",17582
11,"<h1 data-css-4hgwmf="""">Abgang Merkel, Auftritt Bolsonaro und Kurz gegen die Uno</h1>",10126
12,"<h1 data-css-4hgwmf="""">Wärmebilder an Brennpunkten</h1>",4471
13,"<h1 data-css-4hgwmf="""">Am Klavier – eine Bagatelle</h1>",2560
14,,4923
15,"<h1 data-css-4hgwmf="""">Wir basteln uns Extremisten</h1>",24501
16,"<h1 data-css-4hgwmf="""">Ikone des guten Stils</h1>",6697
17,"<h1 data-css-4hgwmf="""">Lesen Sie ein Buch mit uns!</h1>",4605
18,"<h1 data-css-4hgwmf="""">Bundesrat streitet um Kronprinz, die 5G-Auktion – und doch keine Waffen für Bürgerkriege</h1>",9792
19,"<h1 data-css-1e0ndtv="""">Meine Hassliebe für den Finanzmarkt</h1>",4792
20,"<h1 data-css-nc2zud="""">Wie Sie wählten, stimmten – und was Sie wollen</h1>",3409
21,,4055
22,"<h1 data-css-4hgwmf="""">Wie der Faschismus in den USA Fuss fasst</h1>",24321
23,"<h1 data-css-4hgwmf="""">Sonderbehandlung für Promi-Eltern?</h1>",8197
24,"<h1 data-css-4hgwmf="""">Welten, Ränder</h1>",14847
25,"<h1 data-css-nc2zud="""">Wie können wir unsere Debatten verbessern?</h1>",23359
26,,3675
27,"<h1 data-css-4hgwmf="""">Die Macht der Lüge in der Politik</h1>",19118
28,"<h1 data-css-4hgwmf="""">Ambiguitäts­intoleranz</h1>",9797
29,"<h1 data-css-1e0ndtv="""">Der christliche Porno-Pöstler</h1>",5771
30,,3653
31,"<h1 data-css-4hgwmf="""">Wie sag ichs Tante und Onkel? Neun Tipps zur SVP-Initiative</h1>",16099
32,"<h1 data-css-4hgwmf="""">Warum Schaffhausen Zürich überflügelt</h1>",13959
33,"<h1 data-css-4hgwmf="""">Der gute Mensch von Yoneuchi</h1>",10220
34,"<h1 data-css-1e0ndtv="""">Facebook, du Miesepeter, weg mit dir!</h1>",4252
35,,6922
36,"<h1 data-css-4hgwmf="""">Postmoderne Direktdemokratie</h1>",8241
37,"<h1 data-css-4hgwmf="""">Wie von unsichtbarer Hand</h1>",22098
38,"<h1 data-css-4hgwmf="""">Brüssel, Belgien</h1>",1713
39,,4178
40,"<h1 data-css-4hgwmf="""">Der Idiot von Palermo</h1>",28699
41,"<h1 data-css-4hgwmf="""">Zuckerbergs neues Monster</h1>",3758
42,"<h1 data-css-nc2zud="""">Braucht Whatsapp einen Notschalter?</h1>",18240
43,"<h1 data-css-4hgwmf="""">Politsatire und Realposse</h1>",9968
44,"<h1 data-css-4hgwmf="""">Computer können singen</h1>",11793
45,"<h1 data-css-4hgwmf="""">Italien brüskiert EU, #MeToo erfasst Asien – und Khashoggis letzte Zeilen</h1>",11945
46,"<h1 data-css-1e0ndtv="""">Ein Tösstaler auf Abwegen</h1>",4733
47,,5284
48,"<h1 data-css-4hgwmf="""">Wir sollten es besser wissen</h1>",13078
49,"<h1 data-css-nc2zud="""">Wie weit soll der Kampf gegen Versicherungsbetrug gehen dürfen?</h1>",34447
50,"<h1 data-css-4hgwmf="""">Schön, dass Sie da sind!</h1>",8453
51,"<h1 data-css-4hgwmf="""">Gegen die Logik</h1>",6381
52,"<h1 data-css-4hgwmf="""">Weniger junge Leser, weniger Asylgesuche und weniger Väter im Bundesrat</h1>",10092
53,,4917
54,"<h1 data-css-4hgwmf="""">«Das Soziale darf man nicht den Populisten überlassen»</h1>",28525
55,"<h1 data-css-4hgwmf="""">Das Versagen der Staatsanwaltschaft und das Schattengefecht des Justizdirektors</h1>",11007
56,"<h1 data-css-4hgwmf="""">Die Welt lässt ihr keine Ruhe</h1>",11708
57,"<h1 data-css-4hgwmf="""">Wir sprechen über «Erinnerung eines Mädchens» von Annie Ernaux</h1>",17411
58,"<h1 data-css-1e0ndtv="""">Ein Doppeladler fliegt durchs Kino</h1>",4083
59,,3933
60,"<h1 data-css-4hgwmf="""">Wahlkampf im grünen Paradies</h1>",19566
61,"<h1 data-css-4hgwmf="""">Lob der Nutzlosigkeit</h1>",7714
62,"<h1 data-css-1e0ndtv="""">Brief an eine Frau, die sich nicht mit mir treffen wollte</h1>",3853
63,,3374
64,"<h1 data-css-4hgwmf="""">«Der sieht das ja gar nicht schwarz-weiss»</h1>",5819
65,"<h1 data-css-4hgwmf="""">Ein Realitätsschock</h1>",6498
66,"<h1 data-css-4hgwmf="""">Das Versprechen der Literatur</h1>",11802
67,"<h1 data-css-4hgwmf="""">Passt der geldpolitische Auftrag der SNB?</h1>",17360
68,"<h1 data-css-nc2zud="""">Heute spricht die Schweiz. Was halten Sie von der Aktion?</h1>",36384
69,,5815
70,"<h1 data-css-4hgwmf="""">Vom Aufstieg des autoritären Staates</h1>",73443
71,"<h1 data-css-4hgwmf="""">Sprechen für die Demokratie</h1>",15212
72,"<h1 data-css-4hgwmf="""">Wir Rezensenten</h1>",16252
73,"<h1 data-css-4hgwmf="""">Santiago, Chile</h1>",1609
74,,4172
75,"<h1 data-css-4hgwmf="""">Vor Washingtons Toren stehen die Frauen</h1>",20607
76,"<h1 data-css-4hgwmf="""">Surreale Enthirnung</h1>",22310
77,"<h1 data-css-nc2zud="""">Die Cum-Ex-Recherche</h1>",6577
78,"<h1 data-css-4hgwmf="""">CSU verliert in Bayern, kein Brexit-Deal und neue Beweise im Fall Khashoggi</h1>",9938
79,"<h1 data-css-1e0ndtv="""">Das meistgehasste Fahrzeug der Stadt</h1>",4120
80,,5986
81,"<h1 data-css-4hgwmf="""">Das müssen Sie zu den Cum-Ex-Files wissen</h1>",18668
82,"<h1 data-css-4hgwmf="""">Der 55-Milliarden-Coup</h1>",44184
83,"<h1 data-css-nc2zud="""">Wie weit darf Steueroptimierung gehen?</h1>",27903
84,"<h1 data-css-4hgwmf="""">Denn sie wussten, was sie tun</h1>",7732
85,"<h1 data-css-4hgwmf="""">Ein eigenständiges Blatt weniger, zu hohe Spesen im VBS – und die Post macht dicht</h1>",7975
86,"<h1 data-css-4hgwmf="""">Ein Akt der Freiheit</h1>",5880
87,"<h1 data-css-nc2zud="""">Ihre Entscheidung</h1>",15602
88,,3447
89,"<h1 data-css-4hgwmf="""">Bruder Tariq, wie hast du es mit den Frauen?</h1>",20433
90,"<h1 data-css-4hgwmf="""">Bühne frei für Netflix-Stoffe!</h1>",13105
91,"<h1 data-css-4hgwmf="""">Wie Dummheit von Soldaten die Rechte der Verteidigung stärkt</h1>",11862
92,,2600
93,"<h1 data-css-4hgwmf="""">«Wir haben keine Opioid-Krise. Wir haben eine Krise der Ignoranz»</h1>",26390
94,"<h1 data-css-4hgwmf="""">Serielle Politik</h1>",8943
95,,3852
96,"<h1 data-css-4hgwmf="""">Wie Google zum Medien-Mäzen wurde</h1>",18228
97,"<h1 data-css-4hgwmf="""">Die weibliche Sicht der Dinge</h1>",10410
98,"<h1 data-css-4hgwmf="""">Ein Jahr #MeToo</h1>",3275
99,"<h1 data-css-4hgwmf="""">Was kann Geldpolitik überhaupt ausrichten?</h1>",14350
100,"<h1 data-css-nc2zud="""">Warum wir Geldpolitik wichtig finden</h1>",3505
101,"<h1 data-css-1e0ndtv="""">Ich bin ein Gutmensch!</h1>",4471
102,,6341
103,"<h1 data-css-4hgwmf="""">Wenn Buchstaben ihre Muskeln zeigen</h1>",18320
104,"<h1 data-css-4hgwmf="""">Migranten haben Rechte</h1>",8027
105,"<h1 data-css-1e0ndtv="""">Lenin bleibt zuversichtlich</h1>",5405
106,"<h1 data-css-4hgwmf="""">Buenos Aires, Argentinien</h1>",1576
107,,3124
108,"<h1 data-css-4hgwmf="""">Bayern an und für sich</h1>",21251
109,"<h1 data-css-4hgwmf="""">Ich Gott. Du Mensch</h1>",14457
110,"<h1 data-css-4hgwmf="""">Brasilien wählt rechts, Skripal-Verdächtige identifiziert – und ein Whistleblower bekommt recht</h1>",12917
111,,5404
112,"<h1 data-css-4hgwmf="""">Freihandel mit den USA, Keller-Sutter sagt Ja – und die SVP im Abwärtstrend?</h1>",8225
113,"<h1 data-css-4hgwmf="""">Wenn McCarthy das wüsste</h1>",13166
114,"<h1 data-css-4hgwmf="""">Das Geschäft mit dem Töten</h1>",9999
115,"<h1 data-css-4hgwmf="""">Wir ziehen den Kardinalshut</h1>",5859
116,"<h1 data-css-1e0ndtv="""">Nirgends waren die Radikalen radikaler</h1>",9135
117,,4043
118,"<h1 data-css-4hgwmf="""">Die Checkliste siegt</h1>",9210
119,"<h1 data-css-nc2zud="""">Algorithmen in der Strafjustiz – Segen oder Albtraum?</h1>",49677
120,"<h1 data-css-4hgwmf="""">Die Lust am Groben</h1>",10112
121,"<h1 data-css-4hgwmf="""">Und ewig lockt das Elfenbein</h1>",11397
122,,3889
123,"<h1 data-css-4hgwmf="""">Kämpfer für bedrohte Tiere</h1>",23950
124,"<h1 data-css-4hgwmf="""">Das Unbehagen an der Geschichte</h1>",7928
125,"<h1 data-css-1e0ndtv="""">Das Privileg des Herrn Furrer</h1>",4635
126,,4902
127,"<h1 data-css-4hgwmf="""">Italiens Misere in fünf Charts</h1>",10584
128,"<h1 data-css-4hgwmf="""">«Wir haben jede Nacht zweihundert Kilo Crack gekocht»</h1>",23549
129,"<h1 data-css-4hgwmf="""">Erzählen bei flackerndem Licht</h1>",10718
130,"<h1 data-css-4hgwmf="""">Schwarz-weiss</h1>",4614
131,"<h1 data-css-4hgwmf="""">Kontrollversagen in Pyeongchang</h1>",12985
132,,6083
133,"<h1 data-css-4hgwmf="""">Auf einen Drink ins Radio</h1>",16766
134,"<h1 data-css-4hgwmf="""">Feminismus als Gegenkraft</h1>",11469
135,"<h1 data-css-4hgwmf="""">Olivos, Argentinien</h1>",1504
136,,3303
137,"<h1 data-css-4hgwmf="""">Verloren im Nirgendwo</h1>",32512
138,"<h1 data-css-4hgwmf="""">Tsunami verwüstet Indonesien, Aufstand gegen Kavanaugh – und Mazedonien will nicht anders heissen</h1>",15306
139,"<h1 data-css-4hgwmf="""">Magie des Schellenrings</h1>",6978
140,"<h1 data-css-1e0ndtv="""">Einsicht in Einstellungen</h1>",4103
141,,5580
142,"<h1 data-css-4hgwmf="""">Errichtet China eine Big-Data-Diktatur? Nein.</h1>",25562
143,"<h1 data-css-nc2zud="""">Will China die besseren Bürger oder die perfekte Diktatur?</h1>",36417
144,"<h1 data-css-4hgwmf="""">Bundesrätinnen gesucht, die Jugend rebelliert – und hat die SP ein Frauenproblem?</h1>",7737
145,"<h1 data-css-4hgwmf="""">Flagge zeigen</h1>",8631
146,"<h1 data-css-4hgwmf="""">Lesen Sie ein Buch mit uns</h1>",5283
147,,3063
148,"<h1 data-css-4hgwmf="""">Die Widersprüche im Fall Villiger</h1>",12967
149,"<h1 data-css-4hgwmf="""">Plötzlich Mutter, plötzlich unschuldig</h1>",12089
150,"<h1 data-css-4hgwmf="""">Das Weinen der Lämmer</h1>",13757
151,"<h1 data-css-1e0ndtv="""">Von den Verlockungen der Haltbarmachung</h1>",4359
152,,2876
153,"<h1 data-css-4hgwmf="""">Wie recht hat das Volk?</h1>",14300
154,"<h1 data-css-4hgwmf="""">Analphabeten des Bildes</h1>",9874
155,"<h1 data-css-4hgwmf="""">Nerds retten die Welt</h1>",23722
156,,5470
157,"<h1 data-css-4hgwmf="""">Zuger Justizdirektor verhindert Berichterstattung</h1>",15634
158,"<h1 data-css-4hgwmf="""">Was ist aus dem gutschweizerischen Konsens geworden?</h1>",11952
159,"<h1 data-css-4hgwmf="""">Am Klavier – Obuchows Ikone</h1>",3264
160,"<h1 data-css-1e0ndtv="""">Ein stilles Zeugnis der Sklaverei</h1>",5684
161,,6272
162,"<h1 data-css-4hgwmf="""">Beats wie eine Gucci-Decke</h1>",18527
163,"<h1 data-css-4hgwmf="""">Die Politik der Angst</h1>",11236
164,"<h1 data-css-4hgwmf="""">Kradolf-Schönenberg, Schweiz</h1>",1513
165,,3159
166,"<h1 data-css-4hgwmf="""">Zwischen Depeche Mode und Reichsflagge</h1>",26074
167,"<h1 data-css-4hgwmf="""">Das Paris der neuralgischen Punkte</h1>",10103
168,"<h1 data-css-4hgwmf="""">St. Gallen gegen Verhüllung, Trump gegen die Welt – und ein Brexit ohne Deal?</h1>",9867
169,"<h1 data-css-1e0ndtv="""">Die letzte Juristin</h1>",5688
170,,6268
171,"<h1 data-css-4hgwmf="""">Das Silicon Valley schafft die Freiheit ab – im Namen der Freiheit</h1>",19244
172,"<h1 data-css-4hgwmf="""">Du sollst dir ein Bildnis machen</h1>",12017
173,"<h1 data-css-4hgwmf="""">Rücktritt, Schmiergeld für die EU – und Gleichstellung im Schneckentempo</h1>",8609
174,"<h1 data-css-4hgwmf="""">Die Kunst der Verweigerung</h1>",6778
175,"<h1 data-css-1e0ndtv="""">Der unerhörte Klang des Friedens</h1>",3100
176,,4220
177,"<h1 data-css-4hgwmf="""">Geld oder Leben?</h1>",14618
178,"<h1 data-css-nc2zud="""">Schweizer Waffen für Bürgerkriegsländer?</h1>",9007
179,"<h1 data-css-4hgwmf="""">Harter Schnitt, scharfe Dissonanz</h1>",10327
180,"<h1 data-css-4hgwmf="""">Taxi plus</h1>",8519
181,"<h1 data-css-1e0ndtv="""">Ach ja, und Bundesrat war er auch</h1>",3456
182,,3186
183,"<h1 data-css-4hgwmf="""">Die vorletzten Tage der Menschheit</h1>",41097
184,"<h1 data-css-4hgwmf="""">Unverhandelbar</h1>",10725
185,"<h1 data-css-1e0ndtv="""">Zürichs Dolce Vita</h1>",3576
186,,4352
187,"<h1 data-css-4hgwmf="""">«In Apotheken verkauft, in kleinen Mengen»</h1>",19961
188,"<h1 data-css-nc2zud="""">Was ist Ihre Meinung zur Drogenpolitik?</h1>",24398
189,"<h1 data-css-4hgwmf="""">Die Königin der Verlagswelt</h1>",7730
190,"<h1 data-css-4hgwmf="""">Im siebten Bühnenhimmel</h1>",11322
191,"<h1 data-css-4hgwmf="""">Wie problematisch ist die Bilanz der SNB?</h1>",18552
192,,8225
193,"<h1 data-css-4hgwmf="""">Sagst du ich, bist du in der Minderheit</h1>",22909
194,"<h1 data-css-4hgwmf="""">Ein patriotisches Lehman-Jubiläum</h1>",9567
195,"<h1 data-css-4hgwmf="""">Bullerschkopf, Österreich</h1>",1700
196,,4010
197,"<h1 data-css-4hgwmf="""">Mit Feldschlösschen und Cervelat für die Pressefreiheit</h1>",18889
198,"<h1 data-css-4hgwmf="""">Postnatale Repression</h1>",8474
199,"<h1 data-css-4hgwmf="""">Einfach kompliziert</h1>",12099
200,"<h1 data-css-4hgwmf="""">Stürme fordern Opfer, Syrien macht Pause – und Maudet verliert die Immunität</h1>",9878
201,"<h1 data-css-1e0ndtv="""">Lost in Vibration</h1>",3002
202,,5510
203,"<h1 data-css-4hgwmf="""">Die Stadt, die alle zu ihren Bürgern machte</h1>",17004
204,"<h1 data-css-4hgwmf="""">Das Leben in Fetzen</h1>",11091
205,"<h1 data-css-4hgwmf="""">Konzerne wälzen Bussen ab, Russland spioniert – und Berset will günstige Generika</h1>",7078
206,"<h1 data-css-4hgwmf="""">Politisches Gemüse</h1>",6070
207,"<h1 data-css-4hgwmf="""">«Sie dürfen mich nicht verharmlosen»</h1>",4691
208,,3141
209,"<h1 data-css-4hgwmf="""">Brasiliens sagenhafter Absturz</h1>",35558
210,"<h1 data-css-4hgwmf="""">Die Tyrannei des Wahrscheinlichen in der Justiz</h1>",12652
211,"<h1 data-css-4hgwmf="""">Jung, männlich, gefühlsstark</h1>",9679
212,,2849
213,"<h1 data-css-4hgwmf="""">Wer bist du, Vater?</h1>",3041
214,"<h1 data-css-4hgwmf="""">Nach dem Aufstand</h1>",13303
215,,3428
216,"<h1 data-css-4hgwmf="""">«Wohnpolitik ist knallharte Wirtschaftspolitik»</h1>",14308
217,"<h1 data-css-4hgwmf="""">Spiel mir das Lied vom Krieg</h1>",11095
218,"<h1 data-css-4hgwmf="""">Warum sind die Zinsen so tief?</h1>",17883
219,"<h1 data-css-1e0ndtv="""">Linke Väter haben Sorgen</h1>",2847
220,,7134
221,"<h1 data-css-4hgwmf="""">Europa: Sabotage von innen</h1>",9173
222,"<h1 data-css-4hgwmf="""">«Meinst du, heute kannst du schlafen?»</h1>",13393
223,"<h1 data-css-4hgwmf="""">Albisgüetli, Schweiz</h1>",1421
224,,3684
225,"<h1 data-css-4hgwmf="""">Lehman Brothers und die verpassten Lehren</h1>",22272
226,"<h1 data-css-nc2zud="""">Wurden die richtigen Lehren aus der Finanzkrise von 2008 gezogen?</h1>",10012
227,"<h1 data-css-4hgwmf="""">Rechtsrutsch in Schweden, Klimaziele in Gefahr – und der Papst unter Druck</h1>",10970
228,"<h1 data-css-4hgwmf="""">Schimmernde Streicher, knurrendes Kontrafagott</h1>",12570
229,"<h1 data-css-1e0ndtv="""">Zu Blau passt Weiss am besten</h1>",3544
230,,6227
231,"<h1 data-css-4hgwmf="""">And the winner is ...</h1>",7862
232,"<h1 data-css-4hgwmf="""">Lasst uns über #MeToo reden</h1>",12470
233,"<h1 data-css-4hgwmf="""">Der Kuhhandel lebt, dazu Waffen und die Umwelt</h1>",8117
234,,3715
235,"<h1 data-css-4hgwmf="""">Die Salondame</h1>",26849
236,"<h1 data-css-4hgwmf="""">Blutige Hand nimmt kein Erbe</h1>",9553
237,"<h1 data-css-4hgwmf="""">Montags im Exil</h1>",13378
238,"<h1 data-css-1e0ndtv="""">Die künstliche Insel der Gleichberechtigung</h1>",5061
239,,3742
240,"<h1 data-css-4hgwmf="""">Gestörte Harmonie</h1>",18221
241,"<h1 data-css-4hgwmf="""">Ein Lob dem Kuhhandel</h1>",5725
242,"<h1 data-css-4hgwmf="""">Schwarze Löcher</h1>",8142
243,"<h1 data-css-1e0ndtv="""">Adieu, Meggie</h1>",4955
244,,3371
245,"<h1 data-css-4hgwmf="""">Denn sie wissen, was sie tun</h1>",14323
246,"<h1 data-css-4hgwmf="""">Chemnitz, wie hast du’s mit der Schweiz?</h1>",14454
247,"<h1 data-css-4hgwmf="""">Entwerten die Zentralbanken unser Geld?</h1>",18255
248,,6017
249,"<h1 data-css-4hgwmf="""">«Wir brauchen einen Populismus von links»</h1>",41683
250,"<h1 data-css-4hgwmf="""">Das Drängen auf Erlösung</h1>",8659
251,"<h1 data-css-4hgwmf="""">Berlin, Deutschland</h1>",1694
252,,3616
253,"<h1 data-css-4hgwmf="""">Das Land, wo bald die Zitronen blühn</h1>",22039
254,"<h1 data-css-4hgwmf="""">«Stockhausen war ein Kind»</h1>",13256
255,"<h1 data-css-4hgwmf="""">Brasiliens Geschichte brennt, China umgarnt Afrika – und die Top-Storys der Woche</h1>",12217
256,"<h1 data-css-1e0ndtv="""">Der vergessene Nobelpreisträger</h1>",5263
257,,6633
258,"<h1 data-css-4hgwmf="""">Kulturjournalismus. Ein Anti-Manifest</h1>",10526
259,"<h1 data-css-4hgwmf="""">Was Sie über die beiden Abstimmungen zur Landwirtschaft wissen müssen</h1>",10048
260,"<h1 data-css-4hgwmf="""">Schweizer Waffen in Syrien, Eritreer müssen gehen und Genfer Fast-Bundesrat steht vor Anklage</h1>",6367
261,,3506
262,"<h1 data-css-4hgwmf="""">Warum Island keine eigene Verfassung hat. Eine nordische Saga</h1>",21277
263,"<h1 data-css-4hgwmf="""">Goldene Tropfen und surreale Sümpfe</h1>",14135
264,"<h1 data-css-4hgwmf="""">Vater, Tochter und das liebe Geld</h1>",8856
265,"<h1 data-css-1e0ndtv="""">Filippo Leutenegger erklärt die Tablets</h1>",4645
266,,4604
267,"<h1 data-css-4hgwmf="""">Oligarchen, willkommen im Bundeshaus!</h1>",6903
268,"<h1 data-css-4hgwmf="""">Das vierte Heft</h1>",13175
269,"<h1 data-css-4hgwmf="""">Wir Übermenschen</h1>",7314
270,"<h1 data-css-4hgwmf="""">«Frauen befinden sich ständig im Kriegszustand»</h1>",12742
271,"<h1 data-css-4hgwmf="""">Nerds retten die Welt</h1>",22594
272,,6101
273,"<h1 data-css-4hgwmf="""">Für eine Kultur der Kritik</h1>",9284
274,"<h1 data-css-nc2zud="""">Feedback ans Feuilleton</h1>",57945
275,"<h1 data-css-4hgwmf="""">Borderland</h1>",27267
276,"<h1 data-css-4hgwmf="""">Grandioses Scheitern</h1>",10565
277,"<h1 data-css-4hgwmf="""">Am Klavier: Italienische Komödie</h1>",3323
278,"<h1 data-css-4hgwmf="""">Wenn Megafirmen zu viel Macht erlangen</h1>",10275
279,,6654
280,"<h1 data-css-4hgwmf="""">Der unheimliche Feedback-Loop</h1>",7658
281,"<h1 data-css-4hgwmf="""">Oerlikon, Schweiz</h1>",1611
282,"<h1 data-css-1e0ndtv="""">Zehntausend Emotionen</h1>",4864
283,,2992
284,"<h1 data-css-4hgwmf="""">«Korrupt sind nur die anderen»</h1>",22371
285,"<h1 data-css-4hgwmf="""">Der Kronprinz und der kalte Krieg</h1>",34872
286,"<h1 data-css-4hgwmf="""">Was von der Sommerhitze bleibt</h1>",15198
287,"<h1 data-css-4hgwmf="""">Gewalt in Chemnitz, Genozid in Burma – und ein fehlender Kosovo</h1>",10122
288,"<h1 data-css-1e0ndtv="""">Auf dem fliegenden Teppich</h1>",4870
289,,4128
290,"<h1 data-css-4hgwmf="""">Das Radiostudio ist mehr als ein Gebäude</h1>",9965
291,"<h1 data-css-1e0ndtv="""">Meine gescheiterten Google-Romanzen</h1>",4725
292,"<h1 data-css-4hgwmf="""">Unfassbar mächtige Verbündete</h1>",18626
293,"<h1 data-css-4hgwmf="""">SVP lanciert Grossangriff, Bundesrat gegen Transparenz – und Junge sorgen sich um die AHV</h1>",8431
294,"<h1 data-css-1e0ndtv="""">Vaganten, Passanten, Migranten</h1>",4939
295,,3729
296,"<h1 data-css-4hgwmf="""">«Fehlverhalten muss Konsequenzen haben»</h1>",17513
297,"<h1 data-css-4hgwmf="""">Was ist das Ich, wenn es so leicht zerbirst?</h1>",17603
298,"<h1 data-css-4hgwmf="""">Eine gutschweizerische Lösung</h1>",11703
299,"<h1 data-css-1e0ndtv="""">Mutig, schön und unglaublich stark!</h1>",5277
300,,3113
301,"<h1 data-css-4hgwmf="""">Das heilige Feuer</h1>",10124
302,"<h1 data-css-4hgwmf="""">Sinnliche Erfahrung im öffentlichen Raum</h1>",16245
303,"<h1 data-css-1e0ndtv="""">Zerbombte Seelen und zerfetzte Decken</h1>",5614
304,,5284
305,"<h1 data-css-4hgwmf="""">Sie überlebte einen Mordversuch. Heute kämpft sie gegen Gewalt an Frauen</h1>",15175
306,"<h1 data-css-4hgwmf="""">Wie viele Hausbesitzer braucht die Schweiz?</h1>",13240
307,"<h1 data-css-1e0ndtv="""">Wie die Schweiz zum Käseland wurde</h1>",4259
308,"<h1 data-css-nc2zud="""">Erzählen Sie uns Ihre historische Anekdote</h1>",8060
309,,7393
310,"<h1 data-css-4hgwmf="""">Wer rettet die Demokratie?</h1>",9091
311,"<h1 data-css-4hgwmf="""">Hörnli, Schweiz</h1>",1500
312,"<h1 data-css-1e0ndtv="""">Clown bleibt Clown</h1>",5660
313,,3414
314,"<h1 data-css-4hgwmf="""">Die vier Bausteine des Engadiner Kartells</h1>",7705
315,"<h1 data-css-4hgwmf="""">Freie Bahn für den Einheitsbrei</h1>",15041
316,"<h1 data-css-4hgwmf="""">Trump in Bedrängnis, Griechenland ohne Kredite – und die Überwanderung am Berg</h1>",10069
317,"<h1 data-css-1e0ndtv="""">Der Urlaub, den Väter nicht wollen</h1>",4783
318,"<h1 data-css-1e0ndtv="""">Warum wir rennen</h1>",5910
319,,3043
320,"<h1 data-css-4hgwmf="""">Ein Tal bewegt sich</h1>",31503
321,"<h1 data-css-4hgwmf="""">Miesch und seine Immunität, Hilfe für Waffenfirmen und Papi-Zeit</h1>",8758
322,"<h1 data-css-1e0ndtv="""">Die ganze Welt ist eine Plaza</h1>",5777
323,,3540
324,"<h1 data-css-4hgwmf="""">Nein!</h1>",17338
325,"<h1 data-css-nc2zud="""">Braucht das Sexualstrafrecht eine «Nur Ja heisst Ja»-Regel?</h1>",21810
326,"<h1 data-css-4hgwmf="""">«Kommt das Thema Ausländer ins Spiel, wird nur noch geschrien»</h1>",13761
327,"<h1 data-css-4hgwmf="""">Gute Dienste und gute Waffendeals? Zündstoff!</h1>",6244
328,"<h1 data-css-1e0ndtv="""">Shakespeare auf dem Küchentisch</h1>",6204
329,,3439
330,"<h1 data-css-4hgwmf="""">Saubannerzug der Basler Justiz</h1>",10666
331,"<h1 data-css-1e0ndtv="""">Ameisen bevölkern die Republik!</h1>",12219
332,"<h1 data-css-1e0ndtv="""">Was darf eine Basler Gugge? Natürlich alles.</h1>",3823
333,"<h1 data-css-1e0ndtv="""">Die zerbrochenen Spiegel von Aleppo</h1>",5515
334,,2497
335,"<h1 data-css-4hgwmf="""">Fünf Lektionen aus der Türkei-Krise</h1>",17870
336,,8017
337,"<h1 data-css-4hgwmf="""">Der neue Chauvinismus</h1>",7578
338,"<h1 data-css-4hgwmf="""">Beirut, Libanon</h1>",1416
339,"<h1 data-css-1e0ndtv="""">Prediger, Prosecco und ein polnischer Chor</h1>",5660
340,,2728
341,"<h1 data-css-4hgwmf="""">«Diese Frauen wurden verleumdet, beschimpft oder bedroht»</h1>",19083
342,"<h1 data-css-4hgwmf="""">Angriff auf Frauen in Genf, türkische Lira in freiem Fall – und feiern nach Ländle-Art</h1>",10404
343,,3904
344,"<h1 data-css-4hgwmf="""">«Ich will Grenzen ausloten»</h1>",14406
345,"<h1 data-css-4hgwmf="""">Verdorrte Viehweiden, AHV-Kuhhandel und eine wütende Gewerkschaft</h1>",8587
346,"<h1 data-css-nc2zud="""">Ist das Rahmenabkommen mit der EU noch zu retten?</h1>",13874
347,"<h1 data-css-4hgwmf="""">Ihre Nachbarin denkt anders als Sie? Treffen Sie sich zum Gespräch!</h1>",7317
348,,4011
349,"<h1 data-css-4hgwmf="""">Chaos um vier Buchstaben: Worum es beim Streit um die FlaM geht</h1>",12159
350,"<h1 data-css-4hgwmf="""">«Kurzsichtig und sehr gefährlich»</h1>",10504
351,"<h1 data-css-4hgwmf="""">Seien Sie selbstbewusster, liebe Politiker!</h1>",9735
352,"<h1 data-css-4hgwmf="""">Stunk im Dorf</h1>",10526
353,,2771
354,"<h1 data-css-4hgwmf="""">«Überlegt euch mal, was es bedeutet, weiss zu sein»</h1>",12723
355,"<h1 data-css-4hgwmf="""">Die Mär vom selbstbestimmten Sexgewerbe</h1>",14129
356,,2872
357,"<h1 data-css-4hgwmf="""">Grosses Kino</h1>",15369
358,"<h1 data-css-4hgwmf="""">Warum wir auf die lange Sicht blicken</h1>",11114
359,,4020
360,"<h1 data-css-4hgwmf="""">Schweizer Erfolgsmodell in Gefahr</h1>",8553
361,"<h1 data-css-4hgwmf="""">Bekaa-Ebene, Libanon</h1>",1717
362,,2968
363,"<h1 data-css-4hgwmf="""">Die Freiheit ist ein Muskel</h1>",18302
364,"<h1 data-css-4hgwmf="""">Verliebt für einen Tag</h1>",24815
365,"<h1 data-css-4hgwmf="""">Die Gewerkschaften bleiben hart, «Tante Ju» stürzt ab – und die Netzkatzen sind auf dem Rückzug</h1>",9561
366,,3303
367,"<h1 data-css-4hgwmf="""">Planet versus Portemonnaie</h1>",19408
368,"<h1 data-css-4hgwmf="""">Die fünf Geheimnisse einer guten Beziehung</h1>",14681
369,"<h1 data-css-4hgwmf="""">Warum wir uns mehr Zeit lassen sollten</h1>",13395
370,"<h1 data-css-4hgwmf="""">«Erst nach elf Jahren Ehe konnte ich meinen Mann lieben»</h1>",28849
371,,3454
372,"<h1 data-css-4hgwmf="""">Schon wieder dieser Opferdiskurs</h1>",3685
373,"<h1 data-css-nc2zud="""">Welche #MeTwo-Tweets könnte man über Ihr Verhalten schreiben?</h1>",10802
374,"<h1 data-css-4hgwmf="""">Das Wohl des Kindes</h1>",8517
375,"<h1 data-css-4hgwmf="""">Wie meine Freunde und ich mit Offenheit und Treue experimentieren</h1>",10927
376,,3658
377,"<h1 data-css-4hgwmf="""">Der Geist von einst ist wieder da</h1>",13731
378,"<h1 data-css-4hgwmf="""">Warum Monogamie moderne Sklaverei ist</h1>",12999
379,"<h1 data-css-nc2zud="""">Erzählen Sie uns Ihre  persönliche Liebesgeschichte</h1>",62522
380,,3343
381,"<h1 data-css-4hgwmf="""">Damen haben die teureren Hosen an</h1>",11425
382,"<h1 data-css-4hgwmf="""">Jeder Kuss zählt</h1>",14383
383,,5971
384,"<h1 data-css-4hgwmf="""">Supranationalfeiertag</h1>",7343
385,"<h1 data-css-4hgwmf="""">Lugano, Schweiz</h1>",1500
386,,4028
387,"<h1 data-css-4hgwmf="""">Die Exilveteranin</h1>",10559
388,"<h1 data-css-4hgwmf="""">Comeback Kid</h1>",9983
389,"<h1 data-css-nc2zud="""">Was bedeutet für Sie Heimat?</h1>",11392
390,"<h1 data-css-4hgwmf="""">Cricket-Star regiert Pakistan, Tsipras droht mit Bulldozern – und die Schweiz lechzt nach Wasser</h1>",9051
391,,3382
392,"<h1 data-css-4hgwmf="""">Eltern, entspannt euch!</h1>",31824
393,"<h1 data-css-nc2zud="""">Bürdet die Gesellschaft den Eltern zu viel Verantwortung auf?</h1>",19894
394,"<h1 data-css-4hgwmf="""">Der Tüpflischiisser</h1>",10999
395,,3370
396,"<h1 data-css-4hgwmf="""">Schweiz, du gelobtes Land der Parias!</h1>",6834
397,"<h1 data-css-4hgwmf="""">«Die humanitäre Schweiz ist eine Erfindung der Nachkriegszeit»</h1>",10657
398,"<h1 data-css-4hgwmf="""">Freie Fahrt für Raser im Dienst</h1>",9443
399,,2893
400,"<h1 data-css-4hgwmf="""">Es brodelt in der Youtube-Hölle</h1>",13520
401,"<h1 data-css-4hgwmf="""">Knoebel konkret</h1>",11884
402,,2405
403,"<h1 data-css-4hgwmf="""">Zwischen Clowns und Bomben</h1>",17354
404,,6077
405,"<h1 data-css-1e0ndtv="""">Die Wutbürger von nebenan</h1>",6122
406,"<h1 data-css-4hgwmf="""">Amman, Jordanien</h1>",1515
407,,3325
408,"<h1 data-css-4hgwmf="""">Vademecum zum Locarno Festival</h1>",20825
409,"<h1 data-css-4hgwmf="""">Der Mensch lebt nicht vom Film allein</h1>",4715
410,"<h1 data-css-4hgwmf="""">Das Alternativ-Programm fürs Filmfestival</h1>",4593
411,"<h1 data-css-4hgwmf="""">Keine Schweizer Werbung für die AfD, kein Özil für die Deutschen, dafür Wasser auf dem Mars</h1>",7395
412,,3491
413,"<h1 data-css-4hgwmf="""">Eine Schwalbe macht auf Sommer</h1>",20326
414,"<h1 data-css-nc2zud="""">Wen möchten Sie an der Bar treffen?</h1>",24358
415,,3917
416,"<h1 data-css-4hgwmf="""">Pragmatiker machen die Krypto-Revolution</h1>",29830
417,"<h1 data-css-nc2zud="""">Blockchain – Revolution oder bloss ein Modewort?</h1>",16408
418,"<h1 data-css-4hgwmf="""">«An der Bar» mit Lukas Bärfuss</h1>",4273
419,,2498
420,"<h1 data-css-4hgwmf="""">«Es wird ein Kopf-an-Kopf-Rennen»</h1>",15119
421,"<h1 data-css-1e0ndtv="""">Ein Zweibeiner ist kein Vierbeiner</h1>",3622
422,,2658
423,"<h1 data-css-4hgwmf="""">Was die Schweiz reich macht</h1>",9889
424,,6483
425,"<h1 data-css-4hgwmf="""">Europas Tote</h1>",7843
426,"<h1 data-css-4hgwmf="""">Zaatari, Jordanien</h1>",1693
427,,3057
428,"<h1 data-css-4hgwmf="""">Ein zynisches Urteil</h1>",8277
429,"<h1 data-css-4hgwmf="""">Das Zimmerwald-Manifest 2018</h1>",11447
430,"<h1 data-css-4hgwmf="""">Trumps Versprecher, Milliardenbusse und Raiffeisen-Rücktritt</h1>",8580
431,,2892
432,"<h1 data-css-4hgwmf="""">Rigoletto in den Vorstädten</h1>",14753
433,,3105
434,"<h1 data-css-4hgwmf="""">Big Business mit dem Baby-Aal</h1>",22677
435,"<h1 data-css-4hgwmf="""">Verbotene Liebe</h1>",6989
436,,3142
437,"<h1 data-css-4hgwmf="""">Erdbebenhilfe für die Medienlandschaft</h1>",8970
438,"<h1 data-css-nc2zud="""">Darf der Bund die Schweizer Medien retten?</h1>",19067
439,"<h1 data-css-4hgwmf="""">Nerds retten die Welt</h1>",23786
440,,2611
441,"<h1 data-css-4hgwmf="""">Unter Vampiren</h1>",7673
442,"<h1 data-css-4hgwmf="""">Donald Trumps Denkfehler</h1>",10282
443,,5926
444,"<h1 data-css-4hgwmf="""">Die Borderliner</h1>",7509
445,"<h1 data-css-4hgwmf="""">Arles, Frankreich</h1>",1617
446,,2452
447,"<h1 data-css-4hgwmf="""">Darf man Sex kaufen, Frau Angelini?</h1>",13440
448,"<h1 data-css-4hgwmf="""">Rücktritt vom Brexit, Fussballteam befreit – und die Segnungen der Moderne</h1>",9355
449,,2566
450,"<h1 data-css-4hgwmf="""">Menschen zwischen den Gesetzen</h1>",18626
451,"<h1 data-css-4hgwmf="""">Die vier Gesichter des Michal Kosinski</h1>",10137
452,,3398
453,"<h1 data-css-4hgwmf="""">Ein Sonderzug ist nicht gratis zu haben</h1>",17482
454,"<h1 data-css-4hgwmf="""">Kurzer Prozess</h1>",10639
455,"<h1 data-css-4hgwmf="""">«An der Bar» mit Christine Abbt</h1>",3519
456,,2943
457,"<h1 data-css-4hgwmf="""">«Wir brauchen ein souveränes Europa»</h1>",30834
458,,2866
459,"<h1 data-css-4hgwmf="""">Merkel. Machos. Und die Macht</h1>",33209
460,"<h1 data-css-nc2zud="""">Kann Merkel Europa vor den Populisten retten?</h1>",23026
461,"<h1 data-css-4hgwmf="""">Ein paar Erkenntnisse zur Migration</h1>",19096
462,,6128
463,"<h1 data-css-4hgwmf="""">The Winner Takes It All</h1>",7324
464,"<h1 data-css-4hgwmf="""">Mümliswil, Schweiz</h1>",1618
465,,2740
466,"<h1 data-css-4hgwmf="""">Klageweiber</h1>",7873
467,"<h1 data-css-4hgwmf="""">Presidente AMLO,  Seehofers Wankelkurs und Glarners Wurstkreuzzug</h1>",10237
468,,2641
469,"<h1 data-css-4hgwmf="""">Passwort: Dein Gesicht</h1>",17614
470,"<h1 data-css-4hgwmf="""">AHV über alles, Bundesrat bleibt hart gegen die EU – und es gibt mehr Tote</h1>",7936
471,,2503
472,"<h1 data-css-4hgwmf="""">Was ich in der Schule lernte</h1>",24576
473,"<h1 data-css-4hgwmf="""">Eine Verkehrskontrolle gerät ausser Kontrolle</h1>",11634
474,,3801
475,"<h1 data-css-4hgwmf="""">Pflanze der Macht</h1>",13186
476,"<h1 data-css-4hgwmf="""">Meine drei Jahrzehnte Medienkrise</h1>",17142
477,"<h1 data-css-4hgwmf="""">Mes trente ans de crise dans les médias</h1>",15517
478,"<h1 data-css-4hgwmf="""">Nerds retten die Welt!</h1>",25353
479,,2812
480,"<h1 data-css-4hgwmf="""">Aus dem Setzkasten der Fantasie</h1>",11790
481,"<h1 data-css-4hgwmf="""">Die clevere Schweizer Migrationspolitik</h1>",20000
482,,6047
483,"<h1 data-css-4hgwmf="""">Avantgarde der Völker</h1>",8483
484,"<h1 data-css-nc2zud="""">Diskutieren Sie mit Daniel Binswanger</h1>",55185
485,"<h1 data-css-4hgwmf="""">Dietikon, Schweiz</h1>",1568
486,,2814
487,"<h1 data-css-4hgwmf="""">Der Tod und die Hoffnung</h1>",23835
488,"<h1 data-css-4hgwmf="""">Erdogan fest im Sattel, Fahrräder auf dem Schrottplatz und ein Gnu hinter Gittern</h1>",10575
489,,3490
490,"<h1 data-css-4hgwmf="""">Die Zweifel des John Dalhuisen</h1>",16519
491,"<h1 data-css-4hgwmf="""">Für Europa und gegen die Arbeiter, Zivis müssen länger dienen – und täglich grüsst das SVP-Murmeltier</h1>",6916
492,"<h1 data-css-4hgwmf="""">Im Reich der Straffreiheit</h1>",23289
493,"<h1 data-css-4hgwmf="""">Sany</h1>",3295
494,,3728
495,"<h1 data-css-4hgwmf="""">Sarah kämpft</h1>",12971
496,"<h1 data-css-4hgwmf="""">Program Yourself!</h1>",23697
497,"<h1 data-css-4hgwmf="""">Programmier dich doch selbst!</h1>",24689
498,"<h1 data-css-nc2zud="""">Wie behalten wir die Maschinen im Griff?</h1>",13391
499,"<h1 data-css-4hgwmf="""">Über Lüge und Beischlaf, dritter Teil</h1>",12287
500,"<h1 data-css-4hgwmf="""">«An der Bar» mit Sibel Arslan</h1>",3703
501,,2769
502,"<h1 data-css-4hgwmf="""">Blick in die Blackbox</h1>",16677
503,"<h1 data-css-4hgwmf="""">«In der EU werden sich die Reihen schliessen»</h1>",15699
504,"<h1 data-css-nc2zud="""">«Überlebt der Euro?»</h1>",11334
505,,3559
506,"<h1 data-css-4hgwmf="""">Weltweite Webkunst</h1>",14108
507,"<h1 data-css-4hgwmf="""">Teures, günstiges Erdöl</h1>",13118
508,,6937
509,"<h1 data-css-4hgwmf="""">Die postfaktische Bedrohung</h1>",7881
510,"<h1 data-css-4hgwmf="""">Ostermundigen, Schweiz</h1>",1423
511,,3003
512,"<h1 data-css-4hgwmf="""">Bis dass der Präsident uns scheidet (IV)</h1>",11131
513,"<h1 data-css-4hgwmf="""">Bis dass der Präsident uns scheidet (V)</h1>",10764
514,"<h1 data-css-4hgwmf="""">Mannaggia la miseria!</h1>",8305
515,"<h1 data-css-4hgwmf="""">Merkel gegen Seehofer, EU gegen Memes – und Hosen für die Freiheit</h1>",9344
516,,3314
517,"<h1 data-css-4hgwmf="""">Mit Kanonen auf Werte schiessen</h1>",11261
518,"<h1 data-css-4hgwmf="""">Bis dass der Präsident uns scheidet (III)</h1>",9833
519,"<h1 data-css-4hgwmf="""">Ein wenig Transparenz, eine schwache Quote und eine Beschwerde der CVP</h1>",8526
520,,3339
521,"<h1 data-css-4hgwmf="""">Bis dass der Präsident uns scheidet (II)</h1>",11222
522,"<h1 data-css-4hgwmf="""">«Ich weite die Grauzone nicht aus, ich schaffe Klarheit»</h1>",19304
523,"<h1 data-css-4hgwmf="""">Anwalt, Lügner, Dieb</h1>",8593
524,,2841
525,"<h1 data-css-4hgwmf="""">Bis dass der Präsident uns scheidet (I)</h1>",12150
526,"<h1 data-css-4hgwmf="""">Basel will jetzt für alle da sein</h1>",16725
527,"<h1 data-css-4hgwmf="""">Bis dass der Präsident uns scheidet – die Charaktere</h1>",3666
528,,2637
529,"<h1 data-css-4hgwmf="""">In der zweiten Reihe steigen die CEO-Löhne</h1>",8967
530,,6929
531,"<h1 data-css-4hgwmf="""">Farce als Kampfmittel</h1>",6867
532,"<h1 data-css-4hgwmf="""">Port Perry, Kanada</h1>",1517
533,"<h1 data-css-nc2zud="""">Ein As für zwei Buben</h1>",9827
534,,2490
535,"<h1 data-css-4hgwmf="""">Das Geheimrezept</h1>",18457
536,"<h1 data-css-4hgwmf="""">Gewichtige Entscheide, gewichtige Leader – und die juristischen Konsequenzen des Mondes</h1>",11243
537,,3683
538,"<h1 data-css-4hgwmf="""">Die lange Geschichte des rechtsbürgerlichen Antifeminismus</h1>",18398
539,"<h1 data-css-4hgwmf="""">Postauto ohne Bremsen, das Wallis ohne Olympia und eine Drohung an die EU</h1>",8353
540,"<h1 data-css-nc2zud="""">Welche gemeinsame Zukunft brauchen die Schweiz und die EU?</h1>",17586
541,,3875
542,"<h1 data-css-4hgwmf="""">Die Geburt des Trainings, des Dopings, des Irrsinns</h1>",28634
543,"<h1 data-css-nc2zud="""">Welche Informationen wollen Sie aus Bern?</h1>",35478
544,"<h1 data-css-4hgwmf="""">Die Hand an der Krawatte des Kondukteurs</h1>",10737
545,"<h1 data-css-nc2zud="""">Dopen Fussballer?</h1>",7814
546,"<h1 data-css-4hgwmf="""">«An der Bar» mit Peter Grünenfelder</h1>",4170
547,,3895
548,"<h1 data-css-4hgwmf="""">Der eskalierende Handelskonflikt</h1>",18042
549,"<h1 data-css-nc2zud="""">Kann ein Handelskrieg verhindert werden?</h1>",21272
550,"<h1 data-css-4hgwmf="""">Europa muss im Streit mit Trump nachgeben</h1>",8706
551,"<h1 data-css-4hgwmf="""">Die richtige Antwort auf Zölle sind Gegenzölle</h1>",9392
552,"<h1 data-css-4hgwmf="""">Die Baukartell-Wahl</h1>",26710
553,,3827
554,"<h1 data-css-4hgwmf="""">Falscher Alarm zum Wirtschaftswachstum</h1>",15969
555,"<h1 data-css-4hgwmf="""">FC Kreml</h1>",23899
556,"<h1 data-css-4hgwmf="""">Was es alles nicht gibt</h1>",3767
557,,5963
558,"<h1 data-css-4hgwmf="""">Italienische Parallelaktion</h1>",7987
559,"<h1 data-css-4hgwmf="""">North Kawartha, Kanada</h1>",1521
560,"<h1 data-css-nc2zud="""">In eigener Sache: Zum Baukartell</h1>",9886
561,,3290
562,"<h1 data-css-4hgwmf="""">Das Wunder von Venedig</h1>",22306
563,"<h1 data-css-4hgwmf="""">Die zwei Gesichter der Betsy DeVos</h1>",10311
564,"<h1 data-css-4hgwmf="""">Neue Regierung in Spanien, Trump im Handelsstreit und das Aus für «Le Matin»</h1>",10186
565,,3171
566,"<h1 data-css-4hgwmf="""">«Es könnte ausser Kontrolle geraten»</h1>",12479
567,"<h1 data-css-4hgwmf="""">Väter ohne Urlaub, Bauern gewinnen immer – und die Preise der Ruag</h1>",8962
568,"<h1 data-css-4hgwmf="""">Wählen ohne Wahl</h1>",12016
569,,3295
570,"<h1 data-css-4hgwmf="""">Was ist eine Vergewaltigung?</h1>",11668
571,"<h1 data-css-4hgwmf="""">Über Lüge und Beischlaf, zweiter Teil</h1>",15377
572,"<h1 data-css-4hgwmf="""">«Maschinen sind unsere Diener, nicht umgekehrt»</h1>",15689
573,,3046
574,"<h1 data-css-4hgwmf="""">Sag, Wallis, wie hast du’s mit den Spielen?</h1>",35982
575,"<h1 data-css-4hgwmf="""">Sportsfreunde</h1>",7701
576,"<h1 data-css-nc2zud="""">Olympische Spiele in der Schweiz: Ja oder Nein?</h1>",13202
577,"<h1 data-css-4hgwmf="""">Der Anstoss des Steines</h1>",5113
578,,3625
579,"<h1 data-css-4hgwmf="""">Pokerface</h1>",9901
580,"<h1 data-css-4hgwmf="""">Das Wichtigste zum Geldspielgesetz</h1>",18166
581,"<h1 data-css-4hgwmf="""">Eine kurze Geschichte der Wanderung</h1>",13820
582,,13566
583,"<h1 data-css-4hgwmf="""">Salvinis Billionen-Poker</h1>",9709
584,"<h1 data-css-4hgwmf="""">Schwägalp, Schweiz</h1>",1715
585,,3267
586,"<h1 data-css-4hgwmf="""">Die Steuervorlage, die Schattenregierung und Frau Martullo-Blocher</h1>",16218
587,"<h1 data-css-4hgwmf="""">Italien im Politkarussell, Bangladesh im Drogenkrieg – und die Grenzen der Demokratie</h1>",10907
588,,3322
589,"<h1 data-css-4hgwmf="""">Der Mann an der Sonne</h1>",13108
590,"<h1 data-css-4hgwmf="""">Geschlechtsanpassung, viel Geld für Olympia – und der Start der Session</h1>",9335
591,"<h1 data-css-4hgwmf="""">«An der Bar» mit Carla Del Ponte</h1>",3763
592,,4285
593,"<h1 data-css-4hgwmf="""">Willkommen in der Klitokratie</h1>",14036
594,"<h1 data-css-4hgwmf="""">Über Lüge und Beischlaf</h1>",10626
595,,3681
596,"<h1 data-css-4hgwmf="""">Kapitalschmelze am Gletscherrand</h1>",15785
597,"<h1 data-css-4hgwmf="""">Ankunft des Alpha-Gnus</h1>",11478
598,"<h1 data-css-4hgwmf="""">Bloss raus aus Mütterchen Russland</h1>",18820
599,,4417
600,"<h1 data-css-4hgwmf="""">Die Eurokrise erwacht</h1>",8766
601,"<h1 data-css-4hgwmf="""">Und das Leben geht weiter wie zuvor</h1>",17346
602,"<h1 data-css-nc2zud="""">Betreuung und Pflege im Alter – sagen Sie uns, was Sie interessiert</h1>",80629
603,"<h1 data-css-nc2zud="""">An der Bar</h1>",1569
604,,6729
605,"<h1 data-css-4hgwmf="""">Bitte keine Hysterie</h1>",7875
606,"<h1 data-css-4hgwmf="""">Bern, Schweiz</h1>",1550
607,,3561
608,"<h1 data-css-4hgwmf="""">Die Märchen der Vollgeld-Initianten</h1>",13446
609,"<h1 data-css-4hgwmf="""">Italien mit neuer Regierung, Trump und Kim ohne Gipfel und die Schweiz mit steuerfreiem Geld</h1>",11634
610,"<h1 data-css-4hgwmf="""">Die DSGVO ist da – und jetzt?</h1>",20003
611,"<h1 data-css-nc2zud="""">DSGVO: Alles unklar?</h1>",20179
612,,2753
613,"<h1 data-css-4hgwmf="""">Risikodeal im Ständerat, Cassis streitet mit der Uno – und ein heikler Prozess am Bundesstrafgericht</h1>",6368
614,"<h1 data-css-4hgwmf="""">Deutschland hintergeht Frankreich</h1>",19829
615,"<h1 data-css-4hgwmf="""">Wer Syrien verstehen will, muss den Dreissigjährigen Krieg verstehen</h1>",21295
616,"<h1 data-css-4hgwmf="""">Der Zuhälter, der keiner sein will</h1>",9993
617,,2630
618,"<h1 data-css-4hgwmf="""">Erst die Macht, dann die Millionen</h1>",8795
619,"<h1 data-css-4hgwmf="""">Die Volksbühne und der Schredder</h1>",18604
620,,2746
621,"<h1 data-css-4hgwmf="""">Der lange Schatten des Osmanischen Reichs</h1>",12241
622,"<h1 data-css-4hgwmf="""">Portugals radikale Antwort</h1>",21501
623,,6776
624,"<h1 data-css-4hgwmf="""">Schuld, Sühne und Vollgeld</h1>",11860
625,"<h1 data-css-4hgwmf="""">Lüneburg, Deutschland</h1>",1520
626,"<h1 data-css-nc2zud="""">Der neue Datenschutz der Republik …</h1>",6941
627,,3701
628,"<h1 data-css-4hgwmf="""">Warum Novartis bei Trump danebengriff</h1>",12335
629,"<h1 data-css-4hgwmf="""">Ein Land im freien Fall</h1>",18182
630,"<h1 data-css-4hgwmf="""">Der Weg in die Tragödie</h1>",15052
631,"<h1 data-css-4hgwmf="""">Gewalt in Gaza, Argentinien kriselt – und die bleiernen Tränen der Literatur</h1>",11771
632,,3576
633,"<h1 data-css-4hgwmf="""">Bombe mit Zeitzünder</h1>",32899
634,"<h1 data-css-4hgwmf="""">Chronologie der Schweizer Medienkonzentration</h1>",10406
635,"<h1 data-css-4hgwmf="""">Heiraten ist kein Privileg, es ist ein Recht</h1>",13943
636,"<h1 data-css-nc2zud="""">Soll die Ehe für alle Realität werden?</h1>",18012
637,"<h1 data-css-4hgwmf="""">Richterwahl per Tombola, Berset stoppt Ärzte – und es gibt mehr Lohn für alle</h1>",10257
638,"<h1 data-css-4hgwmf="""">Facebook Influenced Elections in 66 Countries</h1>",23998
639,,3492
640,"<h1 data-css-4hgwmf="""">Die Schweiz wappnet sich für den Angriff aus dem Silicon Valley</h1>",25948
641,"<h1 data-css-4hgwmf="""">Ausweitung der Grauzone</h1>",10927
642,"<h1 data-css-4hgwmf="""">Obsession</h1>",9719
643,,2888
644,"<h1 data-css-4hgwmf="""">Der Traum vom Tech-Staat</h1>",25777
645,"<h1 data-css-4hgwmf="""">Nerds retten die Welt!</h1>",34660
646,,2699
647,"<h1 data-css-4hgwmf="""">«Der Streit um Markt oder Staat ist sinnlos»</h1>",15645
648,"<h1 data-css-4hgwmf="""">Die Normalisierung der Schweizer Geldpolitik</h1>",16208
649,"<h1 data-css-nc2zud="""">Was verändert sich auf die lange Sicht?</h1>",50436
650,,9784
651,"<h1 data-css-4hgwmf="""">Warum sind wir so reich?</h1>",10520
652,"<h1 data-css-4hgwmf="""">Hannover, Deutschland</h1>",1506
653,,2588
654,"<h1 data-css-4hgwmf="""">Russlands Staatsfeind Nummer eins</h1>",15241
655,"<h1 data-css-4hgwmf="""">Trumps Ausstieg, Premierminister mit 92 – und ein Blick nach Italien</h1>",10460
656,,2703
657,"<h1 data-css-4hgwmf="""">«Schriftsteller ist ein Luxusberuf»</h1>",23406
658,"<h1 data-css-4hgwmf="""">CVP im Zwist, Regeln für Lobbyisten – und Bio im Vormarsch</h1>",8638
659,,3817
660,"<h1 data-css-4hgwmf="""">Vollgeld für Nerds</h1>",31758
661,"<h1 data-css-4hgwmf="""">Vollgeld für Dummies</h1>",37622
662,"<h1 data-css-nc2zud="""">Soll die Schweiz auf Vollgeld umstellen?</h1>",51613
663,"<h1 data-css-4hgwmf="""">Wer entscheidet, wer Recht spricht?</h1>",9298
664,,3185
665,"<h1 data-css-4hgwmf="""">Die Einflussreichen: Lobbying in Bundesbern braucht neue Regeln</h1>",8775
666,"<h1 data-css-4hgwmf="""">«Wir sind die, auf die wir gewartet haben»</h1>",24175
667,,3380
668,"<h1 data-css-4hgwmf="""">Gewinner und Verlierer</h1>",34628
669,"<h1 data-css-4hgwmf="""">Was steckt eigentlich in der Nationalbank drin?</h1>",14605
670,,5761
671,"<h1 data-css-4hgwmf="""">Sind wir Demokraten oder liberal?</h1>",9537
672,"<h1 data-css-4hgwmf="""">Zürich, Schweiz</h1>",1514
673,,2824
674,"<h1 data-css-4hgwmf="""">Auge um Auge</h1>",27492
675,"<h1 data-css-nc2zud="""">Audio-Podcast: «Mord auf Malta»</h1>",3482
676,"<h1 data-css-4hgwmf="""">Tauwetter in Korea, Geld für die Guten und der Digitalminister</h1>",5743
677,,3280
678,"<h1 data-css-4hgwmf="""">Zum Kämpfen verdammt</h1>",21926
679,"<h1 data-css-4hgwmf="""">BDP in der Krise, Schneider-Ammann geht – und mehr Geld für die Integration</h1>",8529
680,,3328
681,"<h1 data-css-4hgwmf="""">Das Macron-Paradox</h1>",12921
682,"<h1 data-css-nc2zud="""">Kann Macron der Leader der westlichen Welt sein?</h1>",11560
683,"<h1 data-css-4hgwmf="""">Blind übernommen</h1>",10395
684,,2620
685,"<h1 data-css-4hgwmf="""">Ein republikanischer Albtraum</h1>",19124
686,"<h1 data-css-4hgwmf="""">Zweiklassen-Netz</h1>",16468
687,,2730
688,"<h1 data-css-4hgwmf="""">Väterland</h1>",25898
689,"<h1 data-css-nc2zud="""">Was macht einen guten Vater aus?</h1>",20089
690,"<h1 data-css-4hgwmf="""">Sparen im Übermass ist keine Tugend</h1>",10480
691,,7888
692,"<h1 data-css-4hgwmf="""">Judo mit Sozialdetektiven</h1>",7459
693,"<h1 data-css-4hgwmf="""">Zürich, Schweiz</h1>",1712
694,,3320
695,"<h1 data-css-4hgwmf="""">Beschuldigungen zum Kartell, eine Anfrage zu Mario Fehr – und eine Frage der Pietät</h1>",9321
696,"<h1 data-css-1e0ndtv="""">Mitgehangen, mitgefangen</h1>",5876
697,"<h1 data-css-4hgwmf="""">Die Suffragetten haben die Frauen mächtiger gemacht</h1>",17393
698,,3072
699,"<h1 data-css-4hgwmf="""" style=""color:#fff;font-size:78pt;line-height:1.03"">Lügt Quadroni?</h1>",16477
700,"<h1 data-css-nc2zud="""">Stellt der Bündner Bauskandal das Schweizer Milizsystem infrage?</h1>",30442
701,"<h1 data-css-4hgwmf="""">Empörung, Dementis und ein Rücktritt</h1>",7864
702,"<h1 data-css-4hgwmf="""">Gesundheitskosten steigen, Genesung mit der CVP und das heikle Geschäft mit Syrien</h1>",9843
703,,3097
704,"<h1 data-css-4hgwmf="""" style=""color:#fff;font-size:78pt;line-height:1.03"">Die Politik</h1>",38123
705,"<h1 data-css-4hgwmf="""" style=""color:#fff;font-size:78pt;line-height:1.03"">Der Whistleblower</h1>",31768
706,"<h1 data-css-4hgwmf="""">Hausverbot im Züri-WC</h1>",8649
707,,3693
708,"<h1 data-css-4hgwmf="""" style=""color:#fff;font-size:78pt;line-height:1.03"">Das Kartell</h1>",45140
709,"<h1 data-css-4hgwmf="""">«Die haben die Demokratie kaputtgemacht»</h1>",16406
710,"<h1 data-css-4hgwmf="""">Schweizer Freiwild: Der Whistleblower</h1>",11710
711,,3419
712,"<h1 data-css-4hgwmf="""">Warum wir Geschichte neu denken sollten</h1>",16015
713,"<h1 data-css-4hgwmf="""">Drei Blicke auf die SNB</h1>",16971
714,"<h1 data-css-nc2zud="""">Das Kartell</h1>",1928
715,,6251
716,"<h1 data-css-4hgwmf="""">Das grosse BaZ-Erfolgsgeheimnis</h1>",10940
717,"<h1 data-css-4hgwmf="""">Kloten, Schweiz</h1>",1690
718,,2674
719,"<h1 data-css-4hgwmf="""">Majestätsbeleidigung</h1>",20258
720,"<h1 data-css-4hgwmf="""">Ein Vollzug, eine neue Ära – und überraschende Neuwahlen</h1>",5993
721,,2842
722,"<h1 data-css-4hgwmf="""">«Wir fahren Richtung Konfrontation»</h1>",19928
723,"<h1 data-css-4hgwmf="""">Bund gegen Vollgeld, ein frühes Referendum und der teure Atomausstieg</h1>",8874
724,,2648
725,"<h1 data-css-1e0ndtv="""">Mikrofon aus!</h1>",6921
726,"<h1 data-css-nc2zud="""">Wie nutzen Sie soziale Medien?</h1>",29213
727,"<h1 data-css-4hgwmf="""">Ein linker Haken für die Tories – und für Labours Elite</h1>",19204
728,"<h1 data-css-4hgwmf="""">Rechtsfrieden im Minutentakt</h1>",17560
729,,3513
730,"<h1 data-css-4hgwmf="""">Weder staatlicher Fisch noch Vogel AG</h1>",13456
731,"<h1 data-css-nc2zud="""">Leiden Sie im Job an der Bürokratie?</h1>",30586
732,"<h1 data-css-nc2zud="""">Der erste Tag der offenen Redaktionstüre</h1>",8697
733,"<h1 data-css-4hgwmf="""">Nerds retten die Welt!</h1>",26632
734,,3218
735,"<h1 data-css-4hgwmf="""">Im Zweifel für die Polizei</h1>",16004
736,"<h1 data-css-4hgwmf="""">Das Dilemma des Euro in einer Grafik</h1>",6433
737,,3833
738,"<h1 data-css-4hgwmf="""">Der Fluch der Ausgewogenheit</h1>",6551
739,"<h1 data-css-4hgwmf="""">Wägitalersee, Schweiz</h1>",1521
740,,2919
741,"<h1 data-css-4hgwmf="""">Die Aufpasser</h1>",41204
742,"<h1 data-css-4hgwmf="""">Das Protokoll eines gescheiterten Streiks</h1>",17520
743,"<h1 data-css-4hgwmf="""">Ein Wahltriumph, eine Drohung – und die Lust auf Sammelklagen</h1>",5671
744,,3031
745,"<h1 data-css-4hgwmf="""">«Wir haben die Verlierer der Globalisierung vergessen»</h1>",19145
746,"<h1 data-css-nc2zud="""">Gibt es ein Zuviel an Globalisierung?</h1>",22906
747,"<h1 data-css-4hgwmf="""">Harte Ausländerpolitik des Bundes – und die Armut steigt</h1>",8445
748,,3259
749,"<h1 data-css-4hgwmf="""">Mark, wir hätten da noch ein paar Fragen</h1>",16018
750,"<h1 data-css-4hgwmf="""">Namenlose Helden</h1>",12468
751,"<h1 data-css-4hgwmf="""">Lieber krepieren als therapieren</h1>",9841
752,,2874
753,"<h1 data-css-4hgwmf="""">Falsche Fährten</h1>",37652
754,,4085
755,"<h1 data-css-4hgwmf="""">Insel des Schweigens</h1>",39354
756,"<h1 data-css-nc2zud="""">Die Republik vorgelesen</h1>",12372
757,"<h1 data-css-4hgwmf="""">Die Schweiz hat ein Föderalismusproblem</h1>",9526
758,,5253
759,"<h1 data-css-4hgwmf="""">Gegen die Empörungsspirale</h1>",9321
760,"<h1 data-css-4hgwmf="""">Paris, Frankreich</h1>",1553
761,,3383
762,"<h1 data-css-4hgwmf="""">Die zehn Gebote der Medienförderung</h1>",16130
763,"<h1 data-css-4hgwmf="""">Das empörte Schweigen der SP</h1>",6317
764,"<h1 data-css-4hgwmf="""">3200 Ausschaffungen und 50'000 Unterschriften</h1>",7342
765,,3002
766,"<h1 data-css-4hgwmf="""">Die Demokratie-Hacker aus Argentinien</h1>",20787
767,"<h1 data-css-nc2zud="""">Macht digitale Demokratie Parteien überflüssig?</h1>",26179
768,"<h1 data-css-4hgwmf="""">Sieg der Bauern, ein Rücktritt und das Referendum gegen Sozialdetektive</h1>",7672
769,,2489
770,"<h1 data-css-4hgwmf="""">Zürcher Strafverfolger verletzen die Bundesverfassung</h1>",11745
771,,2749
772,"<h1 data-css-4hgwmf="""">«Die Frage ist, ob sich Europa retten lässt»</h1>",40599
773,,2969
774,"<h1 data-css-4hgwmf="""">Die Camouflagistin</h1>",10431
775,"<h1 data-css-4hgwmf="""">Das Opferlamm und der Raubfisch</h1>",5385
776,"<h1 data-css-4hgwmf="""">Kinder statt Putzen</h1>",8914
777,,5258
778,"<h1 data-css-4hgwmf="""">Krise des Konservatismus</h1>",9415
779,"<h1 data-css-4hgwmf="""">Spreitenbach, Schweiz</h1>",1491
780,,2593
781,"<h1 data-css-4hgwmf="""">«Ich habe mir die Schuldgefühle rausgefickt»</h1>",18537
782,"<h1 data-css-4hgwmf="""">Für das Leben, gegen den Hass – und ein später Freispruch</h1>",10871
783,"<h1 data-css-4hgwmf="""">Die 100-Punkte-Nase</h1>",15096
784,,2222
785,"<h1 data-css-4hgwmf="""">Der Missbrauch des Missbrauchs</h1>",22466
786,"<h1 data-css-4hgwmf="""">Rechter Wahlkampf, illegale Spionage – und die Zahlen der Woche</h1>",9744
787,,2646
788,"<h1 data-css-4hgwmf="""">Ein kleines Lehrstück über den Kapitalismus</h1>",7215
789,"<h1 data-css-4hgwmf="""">Wie lang ist lebenslang?</h1>",8655
790,,2622
791,"<h1 data-css-4hgwmf="""">«Facebook hat lange ein Auge zugedrückt»</h1>",12554
792,"<h1 data-css-4hgwmf="""">Die Mine in der Mongolei und das CS-Konto des Ministers</h1>",16340
793,,2697
794,"<h1 data-css-4hgwmf="""">Wettlauf in die Untiefe der Firmenbesteuerung</h1>",11825
795,"<h1 data-css-nc2zud="""">Audio-Podcast: «UBS im Dschungel»</h1>",3072
796,"<h1 data-css-4hgwmf="""">UBS in the Jungle</h1>",33430
797,,5212
798,"<h1 data-css-4hgwmf="""">Demokratie mit scharf</h1>",7149
799,"<h1 data-css-4hgwmf="""">Hongkong, China</h1>",1499
800,,2930
801,"<h1 data-css-4hgwmf="""">Die E-Mail, die Sie nie erhalten werden</h1>",5265
802,"<h1 data-css-4hgwmf="""">Europa für Digitalsteuer, Afrika für Freihandel – und Ärger für die Ruag</h1>",8829
803,"<h1 data-css-4hgwmf="""">Die UBS im Dschungel</h1>",33477
804,,3481
805,"<h1 data-css-4hgwmf="""">Die digitale Zeitung, die Sarkozy in Haft brachte</h1>",23308
806,"<h1 data-css-4hgwmf="""">«Du bist nicht der Einzige, dem es beschissen geht»</h1>",10356
807,"<h1 data-css-4hgwmf="""">Freiheiten für Kantone, Sparen bei den Alten</h1>",11217
808,"<h1 data-css-4hgwmf="""">Helden oder Spione</h1>",24119
809,,4093
810,"<h1 data-css-4hgwmf="""">Missbrauch? Geschäftsmodell!</h1>",12676
811,"<h1 data-css-4hgwmf="""">«Was für ein Wunder haben wir denn hier?!»</h1>",11240
812,"<h1 data-css-4hgwmf="""">Die Hollywood-Strategie</h1>",9888
813,"<h1 data-css-4hgwmf="""">Anklage gegen drei Deutsche wegen Wirtschaftsspionage</h1>",4564
814,,2708
815,"<h1 data-css-4hgwmf="""">Im Sandwich der Giganten</h1>",11476
816,"<h1 data-css-4hgwmf="""">Nerds retten die Welt!</h1>",22390
817,,3283
818,"<h1 data-css-4hgwmf="""">Das System Vincenz</h1>",33396
819,"<h1 data-css-nc2zud="""">Der «Fall Vincenz»: Was muss sich ändern im Schweizer Banking?</h1>",26193
820,"<h1 data-css-4hgwmf="""">Der Moment, als sich die Welt verschuldete</h1>",13610
821,,4228
822,"<h1 data-css-4hgwmf="""">Nationalpopulismus</h1>",7330
823,"<h1 data-css-4hgwmf="""">Namie, Japan</h1>",1672
824,,2872
825,"<h1 data-css-nc2zud="""">Wer war mit 18 Ihr Idol – und wer ist es heute?</h1>",22033
826,"<h1 data-css-4hgwmf="""">Von Zeus bis Oscar</h1>",15572
827,"<h1 data-css-4hgwmf="""">Das Comeback des Kalten Krieges</h1>",7585
828,,2815
829,"<h1 data-css-4hgwmf="""">Ein unschweizerisches Papier</h1>",12167
830,"<h1 data-css-4hgwmf="""">Viola Amherds gefährliches Leben</h1>",17057
831,"<h1 data-css-4hgwmf="""">Mehr Geld für die Luftwaffe, weniger für die armen Kantone</h1>",10661
832,,2884
833,"<h1 data-css-4hgwmf="""">Die einstige Kolonie wird aufmüpfig</h1>",18630
834,"<h1 data-css-1e0ndtv="""">Warum so pessimistisch? Teil II</h1>",11313
835,"<h1 data-css-4hgwmf="""">Poststempel im Zwielicht</h1>",8474
836,,3390
837,"<h1 data-css-nc2zud="""">Wie kinderfreundlich sind unsere Städte?</h1>",11750
838,"<h1 data-css-4hgwmf="""">Die neuen Stadtkinder</h1>",22183
839,"<h1 data-css-nc2zud="""">Und jetzt ganz ehrlich: Wie hoch ist Ihr Preis?</h1>",38765
840,"<h1 data-css-4hgwmf="""">Reden wir über Bestechung</h1>",12475
841,,2721
842,"<h1 data-css-4hgwmf="""">Mit Youtube und gelben Quietschenten gegen Putin</h1>",16147
843,"<h1 data-css-4hgwmf="""">Die Dominanz linker Parteien in den Städten</h1>",14107
844,,4259
845,"<h1 data-css-4hgwmf="""">Die Überläufer</h1>",7422
846,"<h1 data-css-4hgwmf="""">Das Komplott gegen Amerika</h1>",93844
847,"<h1 data-css-4hgwmf="""">Hongkong, China</h1>",1600
848,,3044
849,"<h1 data-css-4hgwmf="""">Mit GPS in die Grauzone</h1>",20161
850,"<h1 data-css-4hgwmf="""">Blocher gegen Ruhestand, Trump gegen Freihandel – und noch ein Rentenaufschub</h1>",8029
851,,3470
852,"<h1 data-css-4hgwmf="""">«Es geht um Würde und Anerkennung»</h1>",41569
853,"<h1 data-css-nc2zud="""">Was finden Sie: Soll die Demokratie ins Netz?</h1>",50417
854,"<h1 data-css-nc2zud="""">Audio-Podcast: «Unterwegs mit Nahr»</h1>",2882
855,"<h1 data-css-4hgwmf="""">E-Voting – der Schweizer Sonderfall</h1>",13755
856,"<h1 data-css-4hgwmf="""">Alte Neuauflage und verkleidete Schützen</h1>",9705
857,,2881
858,"<h1 data-css-4hgwmf="""">Postfaktische Direktdemokratie</h1>",6752
859,"<h1 data-css-4hgwmf="""">Die Zweifel einer Richterin</h1>",18129
860,"<h1 data-css-4hgwmf="""">All diese Vorgeschichten</h1>",9170
861,"<h1 data-css-4hgwmf="""">«Am Paradeplatz fühle ich mich als Aussenseiter»</h1>",11150
862,,3352
863,"<h1 data-css-4hgwmf="""">Bis auch der letzte Zahn gezogen ist</h1>",5599
864,"<h1 data-css-4hgwmf="""">Memo an Herrn Berset</h1>",6180
865,"<h1 data-css-1e0ndtv="""">Das Gleichnis der Ski fahrenden Roboter</h1>",4230
866,,3431
867,"<h1 data-css-nc2zud="""">Welchen Service public wollen Sie?</h1>",62050
868,"<h1 data-css-4hgwmf="""">Fernsehen im Land der Feen und Henker</h1>",17809
869,"<h1 data-css-4hgwmf="""">Die Zukunft – wie weiter mit der SRG?</h1>",13911
870,"<h1 data-css-4hgwmf="""">Das hellgrüne Wunder von Zürich</h1>",12205
871,"<h1 data-css-4hgwmf="""">Wie viele Schulden hat die Schweiz?</h1>",11650
872,,3772
873,"<h1 data-css-4hgwmf="""">Frontstaat der Medienpolitik</h1>",7871
874,"<h1 data-css-4hgwmf="""">Bern, Schweiz</h1>",1674
875,,2965
876,"<h1 data-css-4hgwmf="""">Die 1980er bis heute: endlich ein TV-Artikel in der Verfassung – und Konkurrenz</h1>",14273
877,"<h1 data-css-4hgwmf="""">Von links kritisiert, von rechts fichiert – die TV-Soap der 1970er</h1>",14502
878,"<h1 data-css-4hgwmf="""">Die 1960er: Fernsehen wird kritisch – und die Politik wird es auch</h1>",9830
879,"<h1 data-css-4hgwmf="""">Der TV-Start 1953 als Projekt der geistigen Landesverteidigung</h1>",12713
880,"<h1 data-css-4hgwmf="""">Wie das Fernsehen wurde, was es ist</h1>",12352
881,"<h1 data-css-4hgwmf="""">Führungslose Führungsmacht</h1>",11997
882,"<h1 data-css-4hgwmf="""">Hacker gegen E-Voting, China gegen Ablaufdatum – und #allforjan</h1>",7479
883,,3015
884,"<h1 data-css-4hgwmf="""">Als Penelope ihre Stimme erhob</h1>",9091
885,"<h1 data-css-nc2zud="""">Wie reagieren Sie auf Feindseligkeit im Netz?</h1>",32300
886,"<h1 data-css-4hgwmf="""">Frisches Blut und falsche Gene</h1>",9848
887,,2658
888,"<h1 data-css-4hgwmf="""">Wildfang im Südwestatlantik</h1>",28238
889,"<h1 data-css-1e0ndtv="""">Swisspass, Held der Lüfte!</h1>",4416
890,"<h1 data-css-4hgwmf="""">Suizid aus Angst vor dem Tod</h1>",4906
891,,2946
892,"<h1 data-css-4hgwmf="""">«Die meisten Toten lebten in Armut»</h1>",14187
893,"<h1 data-css-1e0ndtv="""">Ankunft der Unterhose, Abschied der Unschuld</h1>",4398
894,,3143
895,"<h1 data-css-1e0ndtv="""">Das Männerproblem der CVP</h1>",6131
896,"<h1 data-css-4hgwmf="""">Die Melancholie der Killercops</h1>",45197
897,"<h1 data-css-4hgwmf="""">Wie viel wir arbeiten</h1>",10350
898,,3946
899,"<h1 data-css-4hgwmf="""">Sie werden die Demokratie aufgeben</h1>",9121
900,"<h1 data-css-4hgwmf="""">Basel, Schweiz</h1>",1485
901,,3185
902,"<h1 data-css-4hgwmf="""">Der Besuch der jungen Dame</h1>",18875
903,"<h1 data-css-nc2zud="""">Warum tickt Österreich so rechts?</h1>",15085
904,"<h1 data-css-nc2zud="""">Audio-Podcast: «Blutige Trophäen»</h1>",3155
905,"<h1 data-css-4hgwmf="""">Bund gegen Hilfswerk, geheimer Antrag für Steuersenkungen – und eine Alibiübung</h1>",9058
906,,3424
907,"<h1 data-css-4hgwmf="""">Die illegale Suche nach Datenzwillingen</h1>",30297
908,"<h1 data-css-4hgwmf="""">Die (B)Österreicher</h1>",38445
909,"<h1 data-css-nc2zud="""">Wie weit dürfen Parteien bei Onlinekampagnen gehen?</h1>",17445
910,,2969
911,"<h1 data-css-4hgwmf="""">Novartis in Griechenland und das «B-Money» aus Basel</h1>",20787
912,"<h1 data-css-4hgwmf="""">Mordsteure Briefe</h1>",9300
913,"<h1 data-css-4hgwmf="""">Bad bottles</h1>",17580
914,,2724
915,"<h1 data-css-4hgwmf="""">Die dümmste Steuersenkung aller Zeiten</h1>",8072
916,"<h1 data-css-4hgwmf="""">«Der Front National spielt damit, dass er an den Stolz appelliert»</h1>",20991
917,"<h1 data-css-4hgwmf="""">Nerds retten die Welt!</h1>",16132
918,,3440
919,"<h1 data-css-4hgwmf="""">Der wirtschaftliche Vorsprung der Schweiz</h1>",10847
920,"<h1 data-css-4hgwmf="""">«Das Problem ist sicher nicht der Feminismus»</h1>",21373
921,,4347
922,"<h1 data-css-4hgwmf="""">Crash in Zeitlupe</h1>",7673
923,"<h1 data-css-4hgwmf="""">Zürich, Schweiz</h1>",1601
924,,2889
925,"<h1 data-css-4hgwmf="""">Bund gegen Post, EU gegen Bundesrat – und Freiheit für Deniz!</h1>",9437
926,"<h1 data-css-4hgwmf="""">Im Land, mit dem niemand glücklich ist</h1>",25353
927,,2923
928,"<h1 data-css-4hgwmf="""">Warum die SRG Ihnen nützt, selbst wenn Sie sie nicht nutzen</h1>",20467
929,"<h1 data-css-4hgwmf="""">Jäger und Gejagte</h1>",25100
930,"<h1 data-css-1e0ndtv="""">Dunkler Hass</h1>",4473
931,,3257
932,"<h1 data-css-4hgwmf="""">Milliarden aus der Wildnis</h1>",21683
933,"<h1 data-css-4hgwmf="""">Fliessbandarbeiter der Gerechtigkeit</h1>",8028
934,,3080
935,"<h1 data-css-4hgwmf="""">Südkorea verstehen</h1>",31025
936,"<h1 data-css-1e0ndtv="""">Warum so pessimistisch?</h1>",7255
937,"<h1 data-css-nc2zud="""">Audio-Podcast: «Der digitale Diktator»</h1>",2758
938,"<h1 data-css-nc2zud="""">«Uns gefällt, dass es keinen unnötigen, naturbelastenden Papiermüll gibt»</h1>",11877
939,"<h1 data-css-nc2zud="""">Entwicklungslabor: Wie weiter mit der Republik?</h1>",26976
940,,2788
941,"<h1 data-css-nc2zud="""">Sie, wir und unser gemeinsames Unternehmen</h1>",14454
942,"<h1 data-css-4hgwmf="""">Wie die Nationalbank versehentlich Politik in Polen machte</h1>",10957
943,,3573
944,"<h1 data-css-4hgwmf="""">Wie Demokratien sterben</h1>",8407
945,"<h1 data-css-4hgwmf="""">Yokohama, Japan</h1>",1676
946,,2873
947,"<h1 data-css-4hgwmf="""">Die Schweizer Banken und ihr Tanz mit dem Monster</h1>",13698
948,"<h1 data-css-4hgwmf="""">Geheimarmee gegen Transparenz, Datendiebe gegen Swisscom – und schlechtes Timing</h1>",7636
949,"<h1 data-css-4hgwmf="""">Das sollten Sie über die AHV wissen</h1>",31343
950,"<h1 data-css-nc2zud="""">AHV-Reform: Was würden Sie tun?</h1>",40220
951,"<h1 data-css-nc2zud="""">«Eine Geschichte, die mich beinahe zu Tränen rührte»</h1>",13488
952,,2524
953,"<h1 data-css-4hgwmf="""">Die Seidenstrasse des Geldes</h1>",21322
954,"<h1 data-css-1e0ndtv="""">Besser schlafen mit Siri</h1>",5416
955,,2830
956,"<h1 data-css-4hgwmf="""">Der Dopingjäger</h1>",37890
957,"<h1 data-css-4hgwmf="""">Was zur Hölle ist an der Börse los?</h1>",6085
958,"<h1 data-css-4hgwmf="""">Schiefgelaufen</h1>",8272
959,"<h1 data-css-nc2zud="""">«Während man liest, wird einem bewusst, wie viel man nicht gewusst hat»</h1>",12538
960,,2713
961,"<h1 data-css-4hgwmf="""">Das Milliardenloch</h1>",22873
962,,3161
963,"<h1 data-css-4hgwmf="""">«Der Sport hat zu wenig Interesse an der Dopingbekämpfung»</h1>",12267
964,"<h1 data-css-nc2zud="""">Freuen Sie sich auf Olympia?</h1>",39312
965,"<h1 data-css-nc2zud="""">Audio-Podcast: «Geheimsache Doping»</h1>",3840
966,"<h1 data-css-4hgwmf="""">Geheimsache Doping: Schmutzige Medaillen im Skilanglauf</h1>",10678
967,,4835
968,"<h1 data-css-4hgwmf="""">Einmal Kahlschlag, bitte!</h1>",8099
969,"<h1 data-css-4hgwmf="""">Kitaibaraki, Japan</h1>",1555
970,"<h1 data-css-nc2zud="""">«Der Alltag mit der Republik beginnt»</h1>",6516
971,,2663
972,"<h1 data-css-4hgwmf="""">Maurer gegen die EU, Puigdemont gegen Madrid – und eine Absage an die Transparenz</h1>",9125
973,"<h1 data-css-4hgwmf="""">Sabotage am Förderband der Realität</h1>",36852
974,,2902
975,"<h1 data-css-4hgwmf="""">«Bis zum heutigen Zeitpunkt hat die SDA die Funktion eines Service public gehabt»</h1>",7320
976,"<h1 data-css-4hgwmf="""">Der digitale Diktator</h1>",44119
977,"<h1 data-css-nc2zud="""">Zwei Wochen Republik – what matters?</h1>",7503
978,,3158
979,"<h1 data-css-4hgwmf="""">Der Brexit und die Bilateralen: Theresa May als achte Bundesrätin?</h1>",16535
980,"<h1 data-css-4hgwmf="""">Ei Vater, sieh den Hut dort auf der Stange</h1>",5992
981,,4007
982,"<h1 data-css-4hgwmf="""">Geheimsache Doping: Falsche Flaschen</h1>",16779
983,"<h1 data-css-4hgwmf="""">Geheimsache Doping: Die Akte Bern</h1>",16815
984,"<h1 data-css-4hgwmf="""">Geheimsache Doping: Der «Plan Sotschi»</h1>",26300
985,"<h1 data-css-nc2zud="""">USA-Serie: Was führte zur Wahl von Donald Trump – Rassismus oder Klassenkampf?</h1>",78002
986,,2876
987,"<h1 data-css-4hgwmf="""" style=""color:#fff;font-size:100px;line-height:1.03"">Right and Righteous</h1>",40349
988,"<h1 data-css-4hgwmf="""">Globi am WEF</h1>",6817
989,"<h1 data-css-4hgwmf="""">Russland dopte seine Athleten schon vor Sotschi systematisch – «Putin wusste alles»</h1>",5922
990,,3703
991,"<h1 data-css-4hgwmf="""">Iwaki, Japan</h1>",1398
992,"<h1 data-css-4hgwmf="""">Die Pluto-Liberalen</h1>",6781
993,"<h1 data-css-nc2zud="""">«Ellenlange Texte auf dem iPhone? Internet funktioniert anders»</h1>",3691
994,,3146
995,"<h1 data-css-4hgwmf="""" style=""color:#fff;font-size:100px;line-height:1.03"">Wild Is the West</h1>",52407
996,"<h1 data-css-4hgwmf="""">Ein Lächeln in Peking</h1>",9493
997,"<h1 data-css-4hgwmf="""">Krieg gegen Kurden, Ringen ums US-Budget – und ein Warnstreik</h1>",10749
998,"<h1 data-css-nc2zud="""">Wie kann der Euro überleben?</h1>",27824
999,,2536
1000,"<h1 data-css-4hgwmf="""">Ist die Eurokrise eigentlich vorbei?</h1>",26214
1001,"<h1 data-css-1e0ndtv="""">Scharmützel unter Pressesprechern</h1>",5344
1002,"<h1 data-css-nc2zud="""">«Republik lesen heisst Zeit haben, sich Zeit nehmen müssen»</h1>",7301
1003,,4068
1004,"<h1 data-css-4hgwmf="""" style=""color:#fff;font-size:100px;line-height:1.03"">The Deep South</h1>",58986
1005,"<h1 data-css-4hgwmf="""">Nächtliche Glockenschläge</h1>",9902
1006,"<h1 data-css-4hgwmf="""">Der lachende Dritte</h1>",13154
1007,,3489
1008,"<h1 data-css-4hgwmf="""">Das Unverbesserliche</h1>",30580
1009,"<h1 data-css-4hgwmf="""">Nerds retten die Welt!</h1>",18316
1010,"<h1 data-css-nc2zud="""">Wie verändert sich die öffentliche Debatte, wenn No Billag angenommen wird?</h1>",38726
1011,,3448
1012,"<h1 data-css-4hgwmf="""" style=""color:#fff;font-size:100px;line-height:1.03"">Shots Are Fired</h1>",53576
1013,"<h1 data-css-4hgwmf="""">Fox News: Die Geschichte einer Machtübernahme</h1>",34023
1014,"<h1 data-css-4hgwmf="""">Was die Mafia dem Skorbut zu verdanken hat</h1>",7620
1015,,5633
1016,"<h1 data-css-4hgwmf="""">Die Ungleichheit, die wir wollen</h1>",7662
1017,"<h1 data-css-nc2zud="""">10 Punkte, die ich von Ihnen gelernt habe</h1>",6532
1018,"<h1 data-css-4hgwmf="""">Tokio, Japan</h1>",1483
1019,,4582
1020,"<h1 data-css-4hgwmf="""" style=""color:#fff;font-size:100;line-height:1.03"">Ground Zero</h1>",42515
1021,"<h1 data-css-4hgwmf="""" style=""color:#fff;font-size:100px;line-height:1.03"">Race, Class, Guns and God</h1>",16220
1022,"<h1 data-css-4hgwmf="""">EU gegen Fake-News, SVP gegen Zuwanderung – und ein Attentat</h1>",10181
1023,"<h1 data-css-4hgwmf="""">Rausgewunden II –    der Crashkurs für Altfürsten</h1>",14457
1024,"<h1 data-css-nc2zud="""">«Vergesst neben Facebook und Trump die Schweiz nicht»</h1>",3774
1025,"<h1 data-css-nc2zud="""">Hätten Sie Lust auf mehr Laster?</h1>",38330
1026,,3405
1027,"<h1 data-css-4hgwmf="""">Eine kurze Geschichte des Lasters</h1>",14876
1028,"<h1 data-css-4hgwmf="""">Rausgewunden</h1>",12558
1029,,5073
1030,"<h1 data-css-4hgwmf="""">30 Jahre vor Gericht</h1>",26755
1031,"<h1 data-css-nc2zud="""">Warum Justiz ein Schwerpunktthema der Republik wird</h1>",17288
1032,"<h1 data-css-nc2zud="""">Welche Auswirkungen wird die vierte industrielle Revolution haben?</h1>",43553
1033,"<h1 data-css-nc2zud="""">«Ein Anfang, der mich wach macht»</h1>",1647
1034,,3308
1035,"<h1 data-css-4hgwmf="""">Aufstieg der Maschinen</h1>",24202
1036,,3515
1037,"<h1 data-css-nc2zud="""">Was bedeutet unsere Irrationalität politisch?</h1>",52247
1038,"<h1 data-css-4hgwmf="""">Demokratie unter Irrationalen</h1>",57107
1039,"<h1 data-css-4hgwmf="""">Klingelt sein Handy, gehts um Leben und Tod</h1>",21544
1040,"<h1 data-css-nc2zud="""">Wie soll das Monster Facebook gezähmt werden?</h1>",54806
1041,"<h1 data-css-4hgwmf="""">Ist die Bank die wahre Täterin?</h1>",15958
1042,"<h1 data-css-4hgwmf="""">Zuckerbergs Monster</h1>",45563
1043,"<h1 data-css-4hgwmf="""">Der Schrecken der Nächte</h1>",19986
1044,"<h1 data-css-4hgwmf="""">«Ich würde auf Patriotismus setzen»</h1>",17923
1045,"<h1 data-css-nc2zud="""">Gebrauchsanleitung für die Republik</h1>",6824
1046,"<h1 data-css-4hgwmf="""">Nein heisst Ja</h1>",9326
1047,"<h1 data-css-4hgwmf="""">Appenzell, Schweiz</h1>",1701
1048,"<h1 data-css-nc2zud="""">Verdeckte Politwerbung enttarnen</h1>",6388
